{"nodes":{"node:1":{"location":{"x":-252,"y":220}},"node:2":{"location":{"x":-300,"y":351}}},"selection":null,"view":{"scroll":{"x":-1421.49267578125,"y":649.947265625},"visible_rect":{"max":{"x":-39.8731689453125,"y":522.48681640625},"min":{"x":-355.3731689453125,"y":162.48681640625}},"zoom":4}}