{"nodes":{"node:1":{"location":{"x":-242,"y":249}},"node:3":{"location":{"x":-342,"y":319}}},"selection":null,"view":{"scroll":{"x":-1103.4422607421875,"y":-388.525970458984375},"visible_rect":{"max":{"x":1271.115478515625,"y":1574.947998046875},"min":{"x":-2206.884521484375,"y":-777.05194091796875}},"zoom":0.5}}