{"nodes":{"node:1":{"location":{"x":-309,"y":218}},"node:3":{"location":{"x":-401,"y":361}},"node:6":{"location":{"x":-147,"y":377}},"node:9":{"location":{"x":-616,"y":170}}},"selection":["node:6"],"view":{"scroll":{"x":-511.993255615234375,"y":-11.9698657989501953},"visible_rect":{"max":{"x":1224.3209228515625,"y":627.0980224609375},"min":{"x":-1521.4412841796875,"y":-35.5697021484375}},"zoom":0.336518585681915283}}