{"nodes":{"node:1":{"location":{"x":-252,"y":220}},"node:11":{"location":{"x":-350,"y":351}},"node:14":{"location":{"x":-350,"y":351}},"node:3":{"location":{"x":-300,"y":351}},"node:6":{"location":{"x":-350,"y":351}},"node:9":{"location":{"x":-350,"y":351}}},"selection":null,"view":{"scroll":{"x":585,"y":0},"visible_rect":{"max":{"x":10.6330270767211914,"y":3.9999997615814209},"min":{"x":5.36697244644165039,"y":0}},"zoom":109.000007629394531}}