{"nodes":{"node:1":{"location":{"x":118,"y":-463}},"node:10":{"location":{"x":850,"y":20}},"node:4":{"location":{"x":420,"y":20}},"node:7":{"location":{"x":610,"y":20}}},"selection":null,"view":{"scroll":{"x":-44.2345199584960938,"y":-557.89117431640625},"visible_rect":{"max":{"x":974.21240234375,"y":688.8870849609375},"min":{"x":-35.3876152038574219,"y":-446.312957763671875}},"zoom":1.25}}