{"nodes":{"node:1":{"location":{"x":-252,"y":220}},"node:3":{"location":{"x":-82,"y":489}}},"selection":null,"view":{"scroll":{"x":-355.3360595703125,"y":-241.518829345703125},"visible_rect":{"max":{"x":315.6639404296875,"y":1152.481201171875},"min":{"x":-355.3360595703125,"y":-241.518829345703125}},"zoom":1}}