{"nodes":{"node:1":{"location":{"x":-252,"y":220}},"node:3":{"location":{"x":-300,"y":351}},"node:6":{"location":{"x":-350,"y":351}}},"selection":null,"view":{"scroll":{"x":-785.9044189453125,"y":186.90185546875},"visible_rect":{"max":{"x":-93.45220947265625,"y":547.950927734375},"min":{"x":-392.95220947265625,"y":93.450927734375}},"zoom":2}}