{"nodes":{"node:1":{"location":{"x":-252,"y":220}},"node:11":{"location":{"x":61,"y":218}},"node:3":{"location":{"x":-209,"y":314}},"node:6":{"location":{"x":-595,"y":282}},"node:9":{"location":{"x":-568,"y":122}}},"selection":["node:11"],"view":{"scroll":{"x":-871.776123046875,"y":64.6281585693359375},"visible_rect":{"max":{"x":800.08197021484375,"y":478.314605712890625},"min":{"x":-793.30462646484375,"y":58.810760498046875}},"zoom":1.09891724586486816}}