{"nodes":{"node:1":{"location":{"x":-252,"y":220}},"node:3":{"location":{"x":-300,"y":351}}},"selection":null,"view":{"scroll":{"x":-973.1402587890625,"y":-43.0937690734863281},"visible_rect":{"max":{"x":477.324371337890625,"y":575.87060546875},"min":{"x":-401.174285888671875,"y":-17.7652835845947266}},"zoom":2.42572927474975586}}