{"nodes":{"node:1":{"location":{"x":-252,"y":220}},"node:11":{"location":{"x":-27,"y":313}},"node:3":{"location":{"x":-49,"y":185}},"node:6":{"location":{"x":-467,"y":218}},"node:9":{"location":{"x":-552,"y":314}}},"selection":["node:3"],"view":{"scroll":{"x":-1118.058349609375,"y":237.945220947265625},"visible_rect":{"max":{"x":385.29449462890625,"y":505.296844482421875},"min":{"x":-745.372314453125,"y":158.630172729492188}},"zoom":1.49999988079071045}}