{"nodes":{"node:1":{"location":{"x":-437,"y":250}},"node:3":{"location":{"x":-445,"y":362}},"node:6":{"location":{"x":-435,"y":506}}},"selection":["node:3"],"view":{"scroll":{"x":-835.9112548828125,"y":202.589889526367188},"visible_rect":{"max":{"x":64.059173583984375,"y":1064.393310546875},"min":{"x":-557.27423095703125,"y":135.0599365234375}},"zoom":1.49999988079071045}}