{"nodes":{"node:1":{"location":{"x":-517,"y":234}},"node:3":{"location":{"x":-573,"y":425}},"node:6":{"location":{"x":-859,"y":425}},"node:9":{"location":{"x":-936,"y":250}}},"selection":["node:9"],"view":{"scroll":{"x":-1176.947509765625,"y":68.091583251953125},"visible_rect":{"max":{"x":942.7366943359375,"y":980.1220703125},"min":{"x":-1569.263427734375,"y":90.7887802124023438}},"zoom":0.75}}