{"nodes":{"node:1":{"location":{"x":-262,"y":250}},"node:3":{"location":{"x":-78,"y":474}},"node:6":{"location":{"x":-68,"y":761}}},"selection":null,"view":{"scroll":{"x":-402.848297119140625,"y":198.814849853515625},"visible_rect":{"max":{"x":500.151702880859375,"y":1592.8148193359375},"min":{"x":-402.848297119140625,"y":198.814849853515625}},"zoom":1}}