{"nodes":{"node:1":{"location":{"x":42,"y":159}},"node:11":{"location":{"x":76,"y":714}},"node:14":{"location":{"x":83,"y":890}},"node:17":{"location":{"x":92,"y":1098}},"node:23":{"location":{"x":131,"y":1273}},"node:27":{"location":{"x":99,"y":1418}},"node:3":{"location":{"x":110,"y":329}},"node:6":{"location":{"x":76,"y":538}}},"selection":["node:27"],"view":{"scroll":{"x":-183.10797119140625,"y":-174.800033569335938},"visible_rect":{"max":{"x":2284.460205078125,"y":6096},"min":{"x":-915.53985595703125,"y":-874.00018310546875}},"zoom":0.200000002980232239}}