{"nodes":{"node:1":{"location":{"x":-252,"y":220}},"node:11":{"location":{"x":-350,"y":351}},"node:14":{"location":{"x":-350,"y":351}},"node:20":{"location":{"x":-109,"y":-71}},"node:3":{"location":{"x":-300,"y":351}},"node:6":{"location":{"x":-350,"y":351}},"node:9":{"location":{"x":-350,"y":351}}},"selection":["node:20"],"view":{"scroll":{"x":-497.17724609375,"y":-332.772247314453125},"visible_rect":{"max":{"x":518.25823974609375,"y":142.582199096679688},"min":{"x":-397.741790771484375,"y":-266.217803955078125}},"zoom":1.25}}