{"nodes":{"node:1":{"location":{"x":20,"y":20}},"node:10":{"location":{"x":850,"y":20}},"node:4":{"location":{"x":420,"y":20}},"node:7":{"location":{"x":610,"y":20}}},"selection":null,"view":{"scroll":{"x":-194.709381103515625,"y":-405.732696533203125},"visible_rect":{"max":{"x":853.83251953125,"y":827.41387939453125},"min":{"x":-155.767501831054688,"y":-324.586151123046875}},"zoom":1.25}}