{"nodes":{"node:1":{"location":{"x":-252,"y":220}},"node:3":{"location":{"x":-300,"y":351}}},"selection":null,"view":{"scroll":{"x":-343.20330810546875,"y":-117.696548461914062},"visible_rect":{"max":{"x":327.79669189453125,"y":1276.303466796875},"min":{"x":-343.20330810546875,"y":-117.696548461914062}},"zoom":1}}