{"nodes":{"node:1":{"location":{"x":-389,"y":186}},"node:3":{"location":{"x":-269,"y":250}},"node:6":{"location":{"x":-35,"y":266}}},"selection":["node:6"],"view":{"scroll":{"x":-1257.988525390625,"y":361.436920166015625},"visible_rect":{"max":{"x":265.575836181640625,"y":543.20587158203125},"min":{"x":-533.6824951171875,"y":153.3341064453125}},"zoom":2.35718536376953125}}