{"nodes":{"node:1":{"location":{"x":-252,"y":220}},"node:11":{"location":{"x":-350,"y":351}},"node:14":{"location":{"x":-350,"y":351}},"node:16":{"location":{"x":258,"y":-311}},"node:18":{"location":{"x":625,"y":-263}},"node:3":{"location":{"x":-300,"y":351}},"node:6":{"location":{"x":-350,"y":351}},"node:9":{"location":{"x":-350,"y":351}}},"selection":["node:18"],"view":{"scroll":{"x":242.9306640625,"y":-459.5059814453125},"visible_rect":{"max":{"x":995.9306640625,"y":83.4940185546875},"min":{"x":242.9306640625,"y":-459.5059814453125}},"zoom":1}}