{"nodes":{"node:1":{"location":{"x":-252,"y":220}},"node:11":{"location":{"x":-350,"y":351}},"node:14":{"location":{"x":-350,"y":351}},"node:16":{"location":{"x":6,"y":1}},"node:18":{"location":{"x":-39,"y":-151}},"node:20":{"location":{"x":523,"y":56}},"node:3":{"location":{"x":-300,"y":351}},"node:6":{"location":{"x":-350,"y":351}},"node:9":{"location":{"x":-350,"y":351}}},"selection":["node:20"],"view":{"scroll":{"x":-162.952545166015625,"y":-379.398193359375},"visible_rect":{"max":{"x":1006.72998046875,"y":400.80242919921875},"min":{"x":-217.270065307617188,"y":-505.8642578125}},"zoom":0.75}}