{"nodes":{"node:1":{"location":{"x":-252,"y":220}},"node:3":{"location":{"x":-300,"y":351}}},"selection":null,"view":{"scroll":{"x":-366.98663330078125,"y":-161.963668823242188},"visible_rect":{"max":{"x":80.0107040405273438,"y":985.62921142578125},"min":{"x":-293.589324951171875,"y":-129.570953369140625}},"zoom":1.24999988079071045}}