{"nodes":{"node:1":{"location":{"x":-69,"y":106}},"node:11":{"location":{"x":52,"y":250}},"node:3":{"location":{"x":-129,"y":202}},"node:6":{"location":{"x":-459,"y":298}},"node:9":{"location":{"x":-472,"y":154}}},"selection":["node:11"],"view":{"scroll":{"x":-696.0794677734375,"y":15.981623649597168},"visible_rect":{"max":{"x":2568.25830078125,"y":478.315765380859375},"min":{"x":-2561.4833984375,"y":58.8103294372558594}},"zoom":0.271748572587966919}}