{"nodes":{"node:1":{"location":{"x":-245,"y":218}},"node:11":{"location":{"x":221,"y":474}},"node:14":{"location":{"x":311,"y":154}},"node:3":{"location":{"x":-113,"y":441}},"node:6":{"location":{"x":-419,"y":489}},"node:9":{"location":{"x":-696,"y":314}}},"selection":["node:14","node:1","node:3","node:9","node:6","node:11"],"view":{"scroll":{"x":-760.526611328125,"y":-31.0566177368164062},"visible_rect":{"max":{"x":1416.94677734375,"y":1125.88671875},"min":{"x":-1521.05322265625,"y":-62.1132354736328125}},"zoom":0.5}}