{"nodes":{"node:1":{"location":{"x":-252,"y":220}},"node:11":{"location":{"x":-350,"y":351}},"node:14":{"location":{"x":-350,"y":351}},"node:16":{"location":{"x":-61,"y":56}},"node:3":{"location":{"x":-300,"y":351}},"node:6":{"location":{"x":-350,"y":351}},"node:9":{"location":{"x":-350,"y":351}}},"selection":["node:16"],"view":{"scroll":{"x":-353.228607177734375,"y":-177.870208740234375},"visible_rect":{"max":{"x":731.7713623046875,"y":258.129791259765625},"min":{"x":-353.228607177734375,"y":-177.870208740234375}},"zoom":1}}