{"nodes":{"node:1":{"location":{"x":-165,"y":42}},"node:3":{"location":{"x":-349,"y":282}},"node:6":{"location":{"x":68,"y":202}},"node:9":{"location":{"x":-536,"y":154}}},"selection":["node:6"],"view":{"scroll":{"x":-1089.962158203125,"y":-35.4265060424804688},"visible_rect":{"max":{"x":797.24737548828125,"y":627.0980224609375},"min":{"x":-1094.3677978515625,"y":-35.5697021484375}},"zoom":0.995974242687225342}}