{"nodes":{"node:1":{"location":{"x":-252,"y":220}},"node:3":{"location":{"x":-161,"y":346}},"node:6":{"location":{"x":-155,"y":489}}},"selection":["node:3"],"view":{"scroll":{"x":-492.1085205078125,"y":226.7406005859375},"visible_rect":{"max":{"x":89.44573974609375,"y":810.37030029296875},"min":{"x":-246.05426025390625,"y":113.37030029296875}},"zoom":2}}