{"nodes":{"node:1":{"location":{"x":-645,"y":170}},"node:3":{"location":{"x":-317,"y":250}},"node:6":{"location":{"x":-259,"y":537}}},"selection":["node:6"],"view":{"scroll":{"x":-626.580810546875,"y":1.65417468547821045},"visible_rect":{"max":{"x":1676.55908203125,"y":759.53900146484375},"min":{"x":-835.441162109375,"y":2.20556640625}},"zoom":0.749999940395355225}}