{"nodes":{"node:1":{"location":{"x":-252,"y":220}},"node:11":{"location":{"x":-350,"y":351}},"node:14":{"location":{"x":-350,"y":351}},"node:3":{"location":{"x":-300,"y":351}},"node:6":{"location":{"x":-350,"y":351}},"node:9":{"location":{"x":-350,"y":351}}},"selection":["node:14"],"view":{"scroll":{"x":-362.8974609375,"y":-275.198028564453125},"visible_rect":{"max":{"x":504.505035400390625,"y":932.80267333984375},"min":{"x":-302.56622314453125,"y":-229.44671630859375}},"zoom":1.19939839839935303}}