{"nodes":{"node:1":{"location":{"x":-309,"y":202}},"node:3":{"location":{"x":-289,"y":346}},"node:6":{"location":{"x":-267,"y":505}}},"selection":["node:3"],"view":{"scroll":{"x":-551.2213134765625,"y":125.229339599609375},"visible_rect":{"max":{"x":182.684829711914062,"y":1051.2921142578125},"min":{"x":-626.32537841796875,"y":142.2918701171875}},"zoom":0.880087792873382568}}