{"nodes":{"node:1":{"location":{"x":-252,"y":220}},"node:11":{"location":{"x":-350,"y":351}},"node:14":{"location":{"x":-350,"y":351}},"node:3":{"location":{"x":-300,"y":351}},"node:6":{"location":{"x":-350,"y":351}},"node:9":{"location":{"x":-350,"y":351}}},"selection":null,"view":{"scroll":{"x":186.99993896484375,"y":-1.52587890625e-05},"visible_rect":{"max":{"x":13.6842136383056641,"y":4.00000095367431641},"min":{"x":2.31578922271728516,"y":-1.88963369396333292e-07}},"zoom":80.7499847412109375}}