{"nodes":{"node:1":{"location":{"x":-252,"y":220}},"node:3":{"location":{"x":-300,"y":351}},"node:6":{"location":{"x":-350,"y":351}},"node:9":{"location":{"x":-350,"y":351}}},"selection":["node:9"],"view":{"scroll":{"x":-867.76806640625,"y":40.9052619934082031},"visible_rect":{"max":{"x":384.78857421875,"y":640.1402587890625},"min":{"x":-887.50372314453125,"y":41.8355712890625}},"zoom":0.977762699127197266}}