{"nodes":{"node:1":{"location":{"x":-454,"y":-49}},"node:11":{"location":{"x":-295,"y":-191}},"node:14":{"location":{"x":77,"y":806}},"node:17":{"location":{"x":-43,"y":745}},"node:20":{"location":{"x":-486,"y":-352}},"node:3":{"location":{"x":-482,"y":200}},"node:6":{"location":{"x":-406,"y":334}},"node:8":{"location":{"x":-206,"y":200}}},"selection":["node:1","node:3","node:6","node:11","node:8","node:20"],"view":{"scroll":{"x":1165.84130859375,"y":3537.52734375},"visible_rect":{"max":{"x":229.60516357421875,"y":616.44091796875},"min":{"x":145.73016357421875,"y":442.19091796875}},"zoom":8}}