{"nodes":{"node:1":{"location":{"x":-252,"y":220}},"node:11":{"location":{"x":-243,"y":473}},"node:14":{"location":{"x":-72,"y":170}},"node:3":{"location":{"x":-205,"y":330}},"node:6":{"location":{"x":-27,"y":601}},"node:9":{"location":{"x":-40,"y":346}}},"selection":["node:14"],"view":{"scroll":{"x":-439.42926025390625,"y":192.59417724609375},"visible_rect":{"max":{"x":247.38446044921875,"y":719.8582763671875},"min":{"x":-287.153656005859375,"y":125.85443115234375}},"zoom":1.53029322624206543}}