{"nodes":{"node:1":{"location":{"x":-252,"y":220}},"node:11":{"location":{"x":-84,"y":922}},"node:3":{"location":{"x":-66,"y":457}},"node:6":{"location":{"x":-164,"y":697}}},"selection":["node:3"],"view":{"scroll":{"x":-501.21588134765625,"y":4.4269099235534668},"visible_rect":{"max":{"x":264.6273193359375,"y":1118.7415771484375},"min":{"x":-400.972747802734375,"y":3.54152822494506836}},"zoom":1.24999988079071045}}